release,previous_release,release_date,previous_release_date,release_kind,commit,previous_commit,commits,files_changed,raw_insertions,raw_deletions,raw_churn,weighted_churn_points,generated_raw_churn,generated_weighted_churn_points,dominant_change_type,top_paths
rust-v0.0.2504301132,rust-v0.0.2504291921,2025-04-30T11:59:09-07:00,2025-04-29T19:23:46-07:00,stable-rollup,0a0b75a6982e25379309a84e116efcf460407082,245d54514d7b9915357cbe95cfe382eb92a43249,11,15,25,600,625,609.8,19,3.8,Build / Release,codex-rs/repl/src/lib.rs (448); codex-rs/repl/src/cli.rs (65); codex-rs/repl/Cargo.toml (28); codex-rs/Cargo.lock (19); .github/workflows/rust-release.yml (16)
rust-v0.0.2504301219,rust-v0.0.2504301132,2025-04-30T12:19:52-07:00,2025-04-30T11:59:09-07:00,stable-rollup,5d838570cc6ecfff1c600dbf05b3c522324b7f28,0a0b75a6982e25379309a84e116efcf460407082,3,5,29,13,42,38.8,4,0.8,Build / Release,codex-rs/scripts/create_github_release.sh (26); .github/dotslash-config.json (9); codex-rs/Cargo.lock (4); codex-rs/Cargo.toml (2); .github/workflows/rust-release.yml (1)
rust-v0.0.2504301327,rust-v0.0.2504301219,2025-04-30T13:27:36-07:00,2025-04-30T12:19:52-07:00,stable-rollup,c24da7f5a1586a8d90efdbb1584a72a546399551,5d838570cc6ecfff1c600dbf05b3c522324b7f28,3,2,4,6,10,10.0,0,0.0,Build / Release,.github/workflows/rust-release.yml (8); codex-rs/Cargo.toml (2)
rust-v0.0.2505021951,rust-v0.0.2504301327,2025-05-02T19:51:24-07:00,2025-04-30T13:27:36-07:00,stable-rollup,16e4d7ba1657c02caf8b5b98bf9058ecdb652342,c24da7f5a1586a8d90efdbb1584a72a546399551,14,49,6344,168,6512,5046.6,165,33.0,Build / Release,codex-rs/mcp-types/schema/2025-03-26/schema.json (2139); codex-rs/mcp-types/src/lib.rs (1400); codex-rs/mcp-types/generate_mcp_types.py (660); codex-rs/mcp-server/src/message_processor.rs (425); codex-cli/tests/file-tag-utils.test.ts (240)
rust-v0.0.2505061740,rust-v0.0.2505021951,2025-05-06T17:40:33-07:00,2025-05-02T19:51:24-07:00,stable-rollup,7e7e0c884995544cc0702c6e1b4e15097e0579af,16e4d7ba1657c02caf8b5b98bf9058ecdb652342,19,63,2647,453,3100,3004.0,75,15.0,Build / Release,codex-rs/mcp-client/src/mcp_client.rs (382); codex-rs/core/src/codex.rs (334); codex-rs/mcp-server/src/codex_tool_config.rs (244); codex-rs/mcp-server/src/codex_tool_runner.rs (181); codex-rs/README.md (175)
rust-v0.0.2505101753,rust-v0.0.2505061740,2025-05-10T17:53:53-07:00,2025-05-06T17:40:33-07:00,stable-rollup,a1c7d42527dc126ca0aadfc7e3e515674567b728,7e7e0c884995544cc0702c6e1b4e15097e0579af,28,104,2783,904,3687,3351.1,310,62.0,Build / Release,codex-rs/core/src/codex.rs (332); codex-rs/core/src/chat_completions.rs (310); codex-rs/Cargo.lock (310); codex-rs/core/src/project_doc.rs (275); codex-rs/core/src/exec.rs (195)
rust-v0.0.2505121520,rust-v0.0.2505101753,2025-05-12T15:20:16-07:00,2025-05-10T17:53:53-07:00,stable-rollup,10ca7013d179bd1772451c6814686e26f7fb0e6b,a1c7d42527dc126ca0aadfc7e3e515674567b728,8,44,607,138,745,740.2,0,0.0,Build / Release,codex-cli/scripts/stage_release.sh (159); codex-rs/tui/src/bottom_pane.rs (94); codex-cli/bin/codex.js (83); codex-cli/scripts/install_native_deps.sh (64); codex-rs/mcp-client/src/mcp_client.rs (53)
rust-v0.0.2505121726,rust-v0.0.2505121520,2025-05-12T17:26:41-07:00,2025-05-12T15:20:16-07:00,stable-rollup,a205bac029d3cac2442e8d75077f55758d457995,10ca7013d179bd1772451c6814686e26f7fb0e6b,2,5,35,18,53,53.0,0,0.0,Build / Release,codex-rs/core/src/client_common.rs (23); codex-rs/core/src/config.rs (20); codex-rs/core/src/chat_completions.rs (5); codex-rs/core/src/client.rs (3); codex-rs/Cargo.toml (2)
rust-v0.0.2505141337,rust-v0.0.2505121726,2025-05-14T13:37:16-07:00,2025-05-12T17:26:41-07:00,stable-rollup,7841c0407eb9d82144a553cdd8e812ec5b14ef29,a205bac029d3cac2442e8d75077f55758d457995,23,87,2557,852,3409,3268.6,72,14.4,Docs / Tests,codex-rs/tui/src/bottom_pane.rs (325); codex-rs/tui/src/bottom_pane/chat_composer.rs (270); codex-rs/core/src/protocol.rs (251); codex-rs/core/src/config.rs (227); codex-rs/tui/src/bottom_pane/command_popup.rs (191)
rust-v0.0.2505141652,rust-v0.0.2505141337,2025-05-14T16:52:23-07:00,2025-05-14T13:37:16-07:00,stable-rollup,092f0ba05d056a168d06f1b576142a205ffdc269,7841c0407eb9d82144a553cdd8e812ec5b14ef29,2,2,145,92,237,237.0,0,0.0,Build / Release,codex-rs/tui/src/conversation_history_widget.rs (235); codex-rs/Cargo.toml (2)
rust-v0.0.2505151627,rust-v0.0.2505141652,2025-05-15T16:27:23-07:00,2025-05-14T16:52:23-07:00,stable-rollup,bcc86b41eb11ad61ca3c51493959e24d747c4e04,092f0ba05d056a168d06f1b576142a205ffdc269,5,36,1262,388,1650,1628.0,11,2.2,Build / Release,codex-rs/core/src/message_history.rs (297); codex-rs/core/src/config.rs (293); codex-rs/tui/src/bottom_pane/chat_composer_history.rs (263); codex-rs/tui/src/chatwidget.rs (154); codex-rs/tui/src/bottom_pane/chat_composer.rs (70)
rust-v0.0.2505161708,rust-v0.0.2505151627,2025-05-16T17:08:58-07:00,2025-05-15T16:27:23-07:00,stable-rollup,20ef181f5f3923cd39f6f156527e09ba19576cf8,bcc86b41eb11ad61ca3c51493959e24d747c4e04,17,54,2384,373,2757,2381.8,451,90.2,Feature,codex-rs/core/src/codex.rs (529); codex-cli/src/utils/get-api-key.tsx (498); pnpm-lock.yaml (440); codex-rs/tui/src/markdown.rs (137); codex-cli/src/components/sessions-overlay.tsx (130)
rust-v0.0.2505171051,rust-v0.0.2505161708,2025-05-17T10:52:00-07:00,2025-05-16T17:08:58-07:00,stable-rollup,be19b19e0c27de8139a204c6e4925bc4fd2117b1,20ef181f5f3923cd39f6f156527e09ba19576cf8,8,7,224,62,286,285.4,0,0.0,Build / Release,codex-cli/src/utils/get-api-key.tsx (114); codex-rs/tui/src/conversation_history_widget.rs (107); codex-rs/tui/src/chatwidget.rs (54); CHANGELOG.md (5); codex-rs/Cargo.toml (2)
rust-v0.0.2505191518,rust-v0.0.2505171051,2025-05-19T15:18:22-07:00,2025-05-17T10:52:00-07:00,stable-rollup,1e3c59ba0fa567cddafc68217d57dd134b25bcdd,be19b19e0c27de8139a204c6e4925bc4fd2117b1,8,7,322,63,385,385.0,0,0.0,Build / Release,codex-cli/src/utils/get-api-key.tsx (274); codex-cli/src/cli.tsx (61); .github/workflows/rust-release.yml (33); CHANGELOG.md (11); codex-rs/Cargo.toml (2)
rust-v0.0.2505191609,rust-v0.0.2505191518,2025-05-19T16:09:59-07:00,2025-05-19T15:18:22-07:00,stable-rollup,bb5721254183654c8b1cfa1ef703afa06c96091b,1e3c59ba0fa567cddafc68217d57dd134b25bcdd,2,12,80,21,101,97.1,0,0.0,Build / Release,codex-rs/exec/src/lib.rs (45); codex-rs/core/src/codex.rs (12); codex-rs/core/src/protocol.rs (7); codex-rs/core/tests/live_agent.rs (6); codex-rs/tui/src/chatwidget.rs (5)
rust-v0.0.2505212314,rust-v0.0.2505191609,2025-05-21T23:14:24-07:00,2025-05-19T16:09:59-07:00,stable-rollup,704c8a9eae5e9f7b2ca4fc401f5d5961f68ee46d,bb5721254183654c8b1cfa1ef703afa06c96091b,3,10,142,101,243,243.0,0,0.0,Build / Release,codex-rs/core/src/config_types.rs (88); codex-rs/core/src/config.rs (76); codex-rs/exec/src/event_processor.rs (52); codex-rs/core/src/mcp_server_config.rs (14); codex-rs/exec/src/lib.rs (3)
rust-v0.0.2505220956,rust-v0.0.2505212314,2025-05-22T09:56:49-07:00,2025-05-21T23:14:24-07:00,stable-rollup,19a60cce73b19485f370fdbc8f1126bb4d6ab06e,704c8a9eae5e9f7b2ca4fc401f5d5961f68ee46d,2,17,456,19,475,468.6,8,1.6,Build / Release,codex-rs/core/src/exec_env.rs (196); codex-rs/core/src/config_types.rs (89); codex-rs/core/src/exec.rs (51); codex-rs/README.md (43); codex-rs/cli/src/seatbelt.rs (19)
rust-v0.0.2505231137,rust-v0.0.2505220956,2025-05-23T11:37:50-07:00,2025-05-22T09:56:49-07:00,stable-rollup,6532cc0e495d6501ea2102791dadb80f9625878f,19a60cce73b19485f370fdbc8f1126bb4d6ab06e,4,38,922,724,1646,1566.5,21,4.2,Build / Release,codex-rs/core/src/landlock.rs (336); codex-rs/core/src/exec.rs (294); codex-rs/linux-sandbox/tests/landlock.rs (209); codex-rs/linux-sandbox/src/landlock.rs (139); codex-rs/cli/src/debug_sandbox.rs (91)
rust-v0.0.2505231205,rust-v0.0.2505231137,2025-05-23T12:05:59-07:00,2025-05-23T11:37:50-07:00,stable-rollup,b16db1afd15d06d5c6b5ac465ca279c1a9e46d44,6532cc0e495d6501ea2102791dadb80f9625878f,2,3,35,7,42,42.0,0,0.0,Build / Release,codex-rs/cli/src/debug_sandbox.rs (28); codex-rs/cli/src/main.rs (12); codex-rs/Cargo.toml (2)
rust-v0.0.2505270918,rust-v0.0.2505231205,2025-05-27T09:18:18-07:00,2025-05-23T12:05:59-07:00,stable-rollup,dd081eee2a71f11a7c92598e65659f8d27b3fa82,b16db1afd15d06d5c6b5ac465ca279c1a9e46d44,3,4,93,46,139,139.0,0,0.0,Bug Fix,codex-rs/tui/src/app.rs (133); codex-rs/core/src/flags.rs (2); codex-rs/README.md (2); codex-rs/Cargo.toml (2)
rust-v0.0.2505291458,rust-v0.0.2505270918,2025-05-29T14:58:23-07:00,2025-05-27T09:18:18-07:00,stable-rollup,8b388ca30eeccbc28b531e54bbd4d018b4e8a090,dd081eee2a71f11a7c92598e65659f8d27b3fa82,8,35,1700,321,2021,1495.4,657,131.4,Build / Release,codex-rs/Cargo.lock (657); codex-rs/tui/src/history_cell.rs (381); codex-rs/common/src/config_override.rs (170); codex-rs/core/src/config.rs (147); codex-rs/tui/src/conversation_history_widget.rs (145)
rust-v0.0.2505291659,rust-v0.0.2505291458,2025-05-29T16:59:14-07:00,2025-05-29T14:58:23-07:00,stable-rollup,64894ad77a2a193a0c95371f221ac6df3d996094,8b388ca30eeccbc28b531e54bbd4d018b4e8a090,4,7,20,16,36,36.0,0,0.0,Build / Release,codex-rs/justfile (18); codex-rs/core/src/protocol.rs (4); codex-rs/common/src/config_override.rs (4); codex-rs/README.md (4); codex-rs/core/src/flags.rs (2)
rust-v0.0.2505301630,rust-v0.0.2505291659,2025-05-30T16:30:45-07:00,2025-05-29T16:59:14-07:00,stable-rollup,52a01aedc465dbf282b9d301bbdd4ec3f5ed5f9f,64894ad77a2a193a0c95371f221ac6df3d996094,11,40,2493,543,3036,2968.0,85,17.0,Build / Release,codex-rs/README.md (397); codex-rs/config.md (377); .github/actions/codex/src/prompt-template.ts (284); .github/actions/codex/src/process-label.ts (195); codex-rs/core/src/openai_tools.rs (158)
rust-v0.0.2505302325,rust-v0.0.2505301630,2025-05-30T23:25:09-07:00,2025-05-30T16:30:45-07:00,stable-rollup,38c91985dc26dde2ed53ade21071328c6a32215c,52a01aedc465dbf282b9d301bbdd4ec3f5ed5f9f,3,7,55,13,68,68.0,0,0.0,Build / Release,codex-rs/exec/src/event_processor.rs (28); codex-rs/core/src/config.rs (14); codex-rs/config.md (10); codex-rs/tui/src/chatwidget.rs (8); codex-rs/tui/src/history_cell.rs (3)
rust-v0.0.2506030956,rust-v0.0.2505302325,2025-06-03T09:56:14-07:00,2025-05-30T23:25:09-07:00,stable-rollup,8e451aa4553829c7895b0d78cee20551203bc688,38c91985dc26dde2ed53ade21071328c6a32215c,10,28,851,170,1021,1010.6,13,2.6,Build / Release,codex-rs/apply-patch/src/parser.rs (244); codex-rs/core/src/chat_completions.rs (207); codex-rs/core/src/codex.rs (197); codex-rs/core/src/client_common.rs (102); codex-rs/core/src/client.rs (44)
rust-v0.0.2506052135,rust-v0.0.2506030956,2025-06-05T21:35:29-07:00,2025-06-03T09:56:14-07:00,stable-rollup,41aa79052f041c3b8fa58ca4aea5cb2890fc59ff,8e451aa4553829c7895b0d78cee20551203bc688,4,29,1532,83,1615,1594.9,15,3.0,Build / Release,codex-rs/login/src/login_with_chatgpt.py (624); codex-rs/tui/src/text_formatting.rs (268); codex-rs/login/src/lib.rs (168); codex-rs/tui/src/history_cell.rs (125); codex-rs/tui/src/lib.rs (57)
rust-v0.0.2506052203,rust-v0.0.2506052135,2025-06-05T22:03:34-07:00,2025-06-05T21:35:29-07:00,stable-rollup,b01927d171fbe7cc47a03fd8b0c88b5618141e9d,41aa79052f041c3b8fa58ca4aea5cb2890fc59ff,2,2,5,2,7,7.0,0,0.0,Build / Release,.github/workflows/rust-release.yml (5); codex-rs/Cargo.toml (2)
rust-v0.0.2506052246,rust-v0.0.2506052203,2025-06-05T22:46:28-07:00,2025-06-05T22:03:34-07:00,stable-rollup,784d123196fcab9dbbffad155f088bb8d2790519,b01927d171fbe7cc47a03fd8b0c88b5618141e9d,3,6,11,11,22,22.0,0,0.0,Build / Release,codex-cli/scripts/install_native_deps.sh (8); .github/dotslash-config.json (6); codex-rs/login/src/lib.rs (2); codex-rs/Cargo.toml (2); codex-cli/scripts/stage_release.sh (2)
rust-v0.0.2506060849,rust-v0.0.2506052246,2025-06-06T08:49:40-07:00,2025-06-05T22:46:28-07:00,stable-rollup,b49b934803bb7a371a2ce194b6d943d628077711,784d123196fcab9dbbffad155f088bb8d2790519,3,3,223,9,232,232.0,0,0.0,Build / Release,codex-rs/login/src/login_with_chatgpt.py (228); codex-rs/Cargo.toml (2); codex-cli/scripts/install_native_deps.sh (2)
rust-v0.0.2506261603,rust-v0.0.2506060849,2025-06-26T16:03:47-07:00,2025-06-06T08:49:40-07:00,stable-rollup,efc535a9a6199c8f8bcb2d13e59ba5e285780adb,b49b934803bb7a371a2ce194b6d943d628077711,17,54,1643,674,2317,2241.0,53,10.6,Security / Policy,codex-rs/file-search/src/lib.rs (284); codex-rs/core/src/config.rs (235); codex-rs/core/src/protocol.rs (221); codex-rs/core/src/codex.rs (134); codex-rs/tui/src/get_git_diff.rs (114)
rust-v0.2.0,rust-v0.0.2506261603,2025-06-30T12:12:54-07:00,2025-06-26T16:03:47-07:00,stable-rollup,783f44090d38e475ab4d8c38d51a0e4d784044d8,efc535a9a6199c8f8bcb2d13e59ba5e285780adb,15,24,1131,203,1334,1331.8,2,0.4,Build / Release,codex-rs/tui/src/bottom_pane/chat_composer.rs (364); codex-rs/tui/src/file_search.rs (201); codex-rs/tui/src/bottom_pane/file_search_popup.rs (188); codex-rs/core/src/model_provider_info.rs (151); codex-rs/file-search/src/lib.rs (146)
rust-v0.3.0,rust-v0.2.0,2025-07-07T22:32:51-07:00,2025-06-30T12:12:54-07:00,stable-rollup,cc1d02b0d6a1aa7e055ee4713434b9d9d408326c,783f44090d38e475ab4d8c38d51a0e4d784044d8,8,25,1504,496,2000,1998.8,0,0.0,Build / Release,codex-cli/README.md (736); README.md (568); codex-rs/tui/src/bottom_pane/chat_composer.rs (193); codex-rs/core/src/model_provider_info.rs (113); codex-rs/core/src/config.rs (79)
rust-v0.4.0,rust-v0.3.0,2025-07-08T23:53:36-07:00,2025-07-07T22:32:51-07:00,stable-rollup,974fdd29004450dc5ed7b867f9464d1dfdf587cc,cc1d02b0d6a1aa7e055ee4713434b9d9d408326c,7,14,171,25,196,188.0,10,2.0,Feature,codex-cli/scripts/stage_rust_release.py (62); codex-cli/scripts/install_native_deps.sh (33); codex-rs/cli/src/main.rs (22); codex-rs/core/src/config.rs (16); codex-rs/core/src/model_provider_info.rs (10)
rust-v0.5.0,rust-v0.4.0,2025-07-10T14:44:23-07:00,2025-07-08T23:53:36-07:00,stable-rollup,0a893dbcca9178fa87e6c3abb693a912bb73f4b0,974fdd29004450dc5ed7b867f9464d1dfdf587cc,11,44,732,648,1380,457.9,1147,229.4,Build / Release,codex-rs/Cargo.lock (1143); codex-rs/core/src/client_common.rs (30); codex-rs/core/src/client.rs (26); .github/dependabot.yaml (26); codex-rs/tui/src/bottom_pane/chat_composer.rs (14)
rust-v0.6.0,rust-v0.5.0,2025-07-12T16:22:59-07:00,2025-07-10T14:44:23-07:00,stable-rollup,13168546005f3b774c67cf02b56fc9cd6900f158,0a893dbcca9178fa87e6c3abb693a912bb73f4b0,6,31,1130,46,1176,988.6,133,22.4,Build / Release,codex-rs/tui/src/bottom_pane/chat_composer.rs (413); codex-rs/chatgpt/tests/apply_command_e2e.rs (191); codex-rs/chatgpt/src/apply_command.rs (89); codex-rs/chatgpt/tests/task_turn_fixture.json (65); codex-rs/Cargo.lock (47)
rust-v0.7.0,rust-v0.6.0,2025-07-14T09:42:53-07:00,2025-07-12T16:22:59-07:00,stable-rollup,c0fe0d73282a217523640a38f60df39b2a35bfe3,13168546005f3b774c67cf02b56fc9cd6900f158,5,11,334,17,351,285.3,0,0.0,Build / Release,codex-rs/core/tests/cli_stream.rs (119); codex-rs/core/src/client.rs (113); codex-rs/core/tests/test_support.rs (55); codex-rs/core/tests/fixtures/completed_template.json (16); codex-rs/core/tests/stream_no_completed.rs (10)
rust-v0.8.0,rust-v0.7.0,2025-07-18T20:22:08-04:00,2025-07-14T09:42:53-07:00,stable-rollup,413588262e6b952b0fea6691b11dfb3269c379ac,c0fe0d73282a217523640a38f60df39b2a35bfe3,19,41,2236,725,2961,2745.9,114,22.8,Feature,codex-rs/exec/src/event_processor_with_human_output.rs (520); codex-rs/exec/src/event_processor.rs (511); codex-rs/core/src/client.rs (273); codex-rs/core/tests/cli_stream.rs (246); codex-rs/core/src/rollout.rs (222)
rust-v0.9.0,rust-v0.8.0,2025-07-22T17:52:46-07:00,2025-07-18T20:22:08-04:00,stable-rollup,e235a4c0503cdaf3ac76588bf651699131e8ac62,413588262e6b952b0fea6691b11dfb3269c379ac,18,49,5294,404,5698,3988.9,15,3.0,Feature,codex-rs/mcp-types/schema/2025-06-18/schema.json (2517); codex-rs/mcp-server/tests/codex_tool.rs (440); codex-rs/mcp-server/src/message_processor.rs (362); codex-rs/mcp-server/tests/common/mcp_process.rs (329); codex-rs/mcp-types/src/lib.rs (273)
rust-v0.10.0,rust-v0.9.0,2025-07-24T14:48:57-07:00,2025-07-22T17:52:46-07:00,stable-rollup,8373259291ca06e66f060cda964605a8263dd65b,e235a4c0503cdaf3ac76588bf651699131e8ac62,18,47,1251,634,1885,1700.3,79,15.8,Build / Release,codex-rs/core/src/git_info.rs (307); codex-rs/core/src/codex.rs (237); codex-rs/core/src/is_safe_command.rs (226); codex-rs/core/src/bash.rs (219); codex-rs/core/tests/previous_response_id.rs (165)
rust-v0.11.0,rust-v0.10.0,2025-08-01T17:41:10-07:00,2025-07-24T14:48:57-07:00,stable-rollup,4d96c378cf72b73a388ae5a42cfbba4fc6f44a7f,8373259291ca06e66f060cda964605a8263dd65b,66,129,8307,3109,11416,10767.4,252,44.4,Feature,codex-rs/mcp-server/src/mcp_protocol.rs (1054); codex-rs/core/src/codex.rs (823); codex-rs/tui/src/custom_terminal.rs (588); codex-rs/tui/src/conversation_history_widget.rs (567); codex-rs/tui/src/history_cell.rs (441)
rust-v0.12.0,rust-v0.11.0,2025-08-04T18:27:47-07:00,2025-08-01T17:41:10-07:00,stable-rollup,cf1cf9de9b53a4972336665d9f17c719476811d8,4d96c378cf72b73a388ae5a42cfbba4fc6f44a7f,21,39,3117,621,3738,3513.7,88,17.6,Feature,codex-rs/tui/src/bottom_pane/textarea.rs (1305); codex-rs/core/src/turn_diff_tracker.rs (887); codex-rs/tui/src/bottom_pane/chat_composer.rs (631); codex-rs/core/src/codex.rs (178); codex-rs/tui/src/bottom_pane/chat_composer_history.rs (91)
rust-v0.13.0,rust-v0.12.0,2025-08-05T13:56:20-07:00,2025-08-04T18:27:47-07:00,stable-rollup,6e98fe9062c7417924d73f8dc59eece4888d28b1,cf1cf9de9b53a4972336665d9f17c719476811d8,14,49,3292,408,3700,3547.9,69,13.8,Docs / Tests,codex-rs/tui/src/bottom_pane/mod.rs (531); codex-rs/ollama/src/client.rs (351); codex-rs/tui/src/live_wrap.rs (290); codex-rs/core/src/chat_completions.rs (247); codex-rs/tui/src/chatwidget.rs (243)
rust-v0.14.0,rust-v0.13.0,2025-08-06T09:17:54-07:00,2025-08-05T13:56:20-07:00,stable-rollup,0983f17f2e803f5a59193f51351db7105133fdf0,6e98fe9062c7417924d73f8dc59eece4888d28b1,21,40,1280,231,1511,1492.1,0,0.0,Feature,codex-rs/core/src/openai_tools.rs (447); codex-rs/tui/src/history_cell.rs (154); .github/codex/labels/codex-rust-review.md (128); codex-rs/core/src/client_common.rs (83); codex-rs/tui/src/user_approval_widget.rs (75)
rust-v0.15.0,rust-v0.14.0,2025-08-07T10:21:16-07:00,2025-08-06T09:17:54-07:00,stable-rollup,73bdd1eb15e226090e0976a1f6122fe6d5c2dfbb,0983f17f2e803f5a59193f51351db7105133fdf0,45,69,3817,1178,4995,4912.88,62,12.28,Feature,codex-rs/tui/src/history_cell.rs (684); codex-rs/tui/src/onboarding/auth.rs (383); codex-rs/core/prompt.md (350); codex-rs/tui/src/onboarding/onboarding_screen.rs (267); codex-rs/login/src/lib.rs (198)
rust-v0.16.0,rust-v0.15.0,2025-08-07T10:53:00-07:00,2025-08-07T10:21:16-07:00,stable-rollup,d6c6b57124d759a220f4306506bc481de4a8e351,73bdd1eb15e226090e0976a1f6122fe6d5c2dfbb,2,3,10,1,11,11.0,0,0.0,Build / Release,codex-rs/core/src/error.rs (5); codex-rs/core/src/client.rs (4); codex-rs/Cargo.toml (2)
rust-v0.17.0,rust-v0.16.0,2025-08-07T18:25:22-07:00,2025-08-07T10:53:00-07:00,stable-rollup,2c028b97641e4fd969aa8a95a7aee48ee3183327,d6c6b57124d759a220f4306506bc481de4a8e351,12,22,587,318,905,894.2,0,0.0,Feature,codex-rs/login/src/lib.rs (363); README.md (293); codex-rs/login/src/token_data.rs (70); codex-rs/core/src/error.rs (70); codex-rs/core/tests/client.rs (32)
rust-v0.18.0,rust-v0.17.0,2025-08-07T18:30:27-07:00,2025-08-07T18:25:22-07:00,stable-rollup,2efa2014d567ac83eeebaeaceb3e433360137b13,2c028b97641e4fd969aa8a95a7aee48ee3183327,2,15,1941,482,2423,2269.1,0,0.0,Build / Release,codex-rs/tui/src/chatwidget.rs (568); codex-rs/tui/src/markdown_stream.rs (565); codex-rs/tui/src/chatwidget_stream_tests.rs (392); codex-rs/tui/src/markdown.rs (322); codex-rs/tui/src/insert_history.rs (191)
rust-v0.19.0,rust-v0.18.0,2025-08-07T18:31:57-07:00,2025-08-07T18:30:27-07:00,stable-rollup,1dbc42f100e42af3f7b6204e2bb02dc33e2079b7,2efa2014d567ac83eeebaeaceb3e433360137b13,1,15,482,1941,2423,2269.1,0,0.0,Build / Release,codex-rs/tui/src/chatwidget.rs (568); codex-rs/tui/src/markdown_stream.rs (565); codex-rs/tui/src/chatwidget_stream_tests.rs (392); codex-rs/tui/src/markdown.rs (322); codex-rs/tui/src/insert_history.rs (191)
rust-v0.20.0,rust-v0.19.0,2025-08-08T17:20:03-07:00,2025-08-07T18:31:57-07:00,stable-rollup,0a7d0c6b3f9cfbc93f0283a0ba8f2110b600f78f,1dbc42f100e42af3f7b6204e2bb02dc33e2079b7,15,232,274,36220,36494,28107.78,5417,241.68,Build / Release,pnpm-lock.yaml (5405); codex-cli/src/utils/agent/agent-loop.ts (1674); codex-cli/src/components/vendor/cli-spinners/index.js (1293); codex-cli/src/components/chat/terminal-chat-input.tsx (1017); codex-cli/src/text-buffer.ts (977)
rust-v0.21.0,rust-v0.20.0,2025-08-11T21:32:08-07:00,2025-08-08T17:20:03-07:00,stable-rollup,b04533b82f8f0bf3e4fd1f023edf7bcd162de9b1,0a7d0c6b3f9cfbc93f0283a0ba8f2110b600f78f,32,49,4313,392,4705,3680.18,78,13.08,Feature,codex-rs/core/src/parse_command.rs (2045); codex-rs/tui/src/history_cell.rs (451); codex-rs/tui/src/diff_render.rs (422); codex-rs/tui/src/chatwidget.rs (388); codex-rs/core/src/openai_tools.rs (334)
rust-v0.22.0,rust-v0.21.0,2025-08-15T10:21:00-07:00,2025-08-11T21:32:08-07:00,stable-rollup,99b4279eccea00a0f78d304d961b150c3e82b51c,b04533b82f8f0bf3e4fd1f023edf7bcd162de9b1,70,176,42750,5348,48098,16625.04,273,52.74,Feature,codex-rs/tui/tests/fixtures/binary-size-log.jsonl (24109); codex-rs/tui/tests/fixtures/oss-story.jsonl (8041); codex-rs/tui/src/history_cell.rs (1383); codex-rs/tui/src/chatwidget.rs (1185); codex-rs/core/src/codex.rs (1018)
rust-v0.23.0,rust-v0.22.0,2025-08-19T22:36:20-07:00,2025-08-15T10:21:00-07:00,stable-rollup,3ab144e886df0f636aa39d2cfae42e32c9fbdd68,99b4279eccea00a0f78d304d961b150c3e82b51c,58,138,4602,3283,7885,7452.46,117,23.16,Feature,codex-rs/mcp-server/src/mcp_protocol.rs (1054); codex-rs/core/src/git_info.rs (536); codex-rs/login/src/server.rs (387); codex-rs/core/src/parse_command.rs (269); codex-rs/mcp-server/src/codex_message_processor.rs (267)
rust-v0.0.2508241142,rust-v0.23.0,2025-08-24T11:42:11-07:00,2025-08-19T22:36:20-07:00,stable-rollup,69bcfee81e48f10cd1f0e1a6f4cf33fc77addda0,3ab144e886df0f636aa39d2cfae42e32c9fbdd68,57,182,8912,2541,11453,10873.26,343,64.46,Feature,codex-rs/tui/src/app.rs (926); codex-rs/core/src/exec_command/session_manager.rs (677); codex-rs/core/src/codex.rs (673); codex-rs/tui/src/bottom_pane/chat_composer.rs (668); codex-rs/tui/src/tui.rs (456)
rust-v0.24.0,rust-v0.0.2508241142,2025-08-26T10:28:23-07:00,2025-08-24T11:42:11-07:00,stable-rollup,a96f6c706d6e4a8e8a4bcaf027336cad23920651,69bcfee81e48f10cd1f0e1a6f4cf33fc77addda0,27,59,2028,1027,3055,2756.3,136,20.0,Build / Release,codex-rs/exec/tests/suite/apply_patch.rs (319); codex-rs/tui/src/status_indicator_widget.rs (293); codex-rs/tui/src/chatwidget/tests.rs (260); codex-rs/tui/src/bottom_pane/mod.rs (248); codex-rs/core/src/openai_tools.rs (247)
rust-v0.25.0,rust-v0.24.0,2025-08-27T01:30:11-07:00,2025-08-26T10:28:23-07:00,stable-rollup,3f58f2938ec879c747f236cabcb121d9c1ab3adf,a96f6c706d6e4a8e8a4bcaf027336cad23920651,16,50,1178,2345,3523,3379.4,121,22.4,Feature,codex-rs/tui/src/pager_overlay.rs (603); codex-rs/tui/src/transcript_app.rs (337); .github/actions/codex/src/prompt-template.ts (284); .github/actions/codex/src/process-label.ts (226); codex-rs/core/tests/suite/client.rs (150)
rust-v0.26.0,rust-v0.25.0,2025-08-28T20:22:19-07:00,2025-08-27T01:30:11-07:00,stable-rollup,440248682cd15f7eca4074b8603ccaf7b9bc5eb0,3f58f2938ec879c747f236cabcb121d9c1ab3adf,22,73,3529,1759,5288,5239.1,0,0.0,Docs / Tests,README.md (673); docs/config.md (617); codex-rs/tui/src/bottom_pane/chat_composer.rs (577); codex-rs/config.md (566); codex-rs/tui/src/markdown_stream.rs (317)
rust-v0.27.0,rust-v0.26.0,2025-08-28T23:02:04-07:00,2025-08-28T20:22:19-07:00,stable-rollup,83dd9c9e1b93a104081030d97d86b59f119c5b26,440248682cd15f7eca4074b8603ccaf7b9bc5eb0,8,9,43,30,73,73.0,0,0.0,Build / Release,codex-rs/mcp-server/src/outgoing_message.rs (18); codex-rs/mcp-client/src/mcp_client.rs (17); codex-rs/core/src/codex.rs (14); README.md (10); codex-rs/mcp-server/src/lib.rs (6)
rust-v0.28.0,rust-v0.27.0,2025-09-02T15:08:53-07:00,2025-08-28T23:02:04-07:00,stable-rollup,210d0e7de3212a0e3e9d2e9ef6d7b0d1819795d5,83dd9c9e1b93a104081030d97d86b59f119c5b26,15,92,3030,2220,5250,4332.38,479,67.78,Build / Release,codex-rs/tui/src/history_cell.rs (1644); codex-rs/tui/src/chatwidget/tests.rs (827); codex-rs/core/src/parse_command.rs (714); codex-rs/tui/src/diff_render.rs (682); codex-rs/tui/tests/fixtures/ideal-binary-response.txt (208)
rust-v0.29.0,rust-v0.28.0,2025-09-03T01:20:02-07:00,2025-09-02T15:08:53-07:00,stable-rollup,4d64d27b8907bf7934b6fbccc170dd2e3f42986b,210d0e7de3212a0e3e9d2e9ef6d7b0d1819795d5,20,79,3585,1615,5200,4893.7,27,5.4,Build / Release,codex-rs/core/src/auth.rs (766); codex-rs/login/src/lib.rs (706); codex-rs/core/src/rollout/tests.rs (384); codex-rs/apply-patch/src/lib.rs (353); codex-rs/core/tests/chat_completions_payload.rs (345)
rust-v0.30.0,rust-v0.29.0,2025-09-05T14:55:50-07:00,2025-09-03T01:20:02-07:00,stable-rollup,755f40d1debbe998d78ac382e834efdbe3ba1688,4d64d27b8907bf7934b6fbccc170dd2e3f42986b,43,109,5181,2113,7294,6292.7,130,20.3,Feature,codex-rs/tui/tests/fixtures/binary-size-log.jsonl (1554); codex-rs/tui/src/wrapping.rs (545); codex-rs/tui/src/resume_picker.rs (504); codex-rs/tui/src/history_cell.rs (475); codex-rs/mcp-server/src/codex_message_processor.rs (327)
rust-v0.31.0,rust-v0.30.0,2025-09-08T14:20:14-07:00,2025-09-05T14:55:50-07:00,stable-rollup,d523beb8cda758bb1bebf42b52dcd44b2e3fd592,755f40d1debbe998d78ac382e834efdbe3ba1688,22,49,1044,480,1524,1434.7,85,17.0,Build / Release,codex-rs/scripts/create_github_release (296); codex-rs/tui/src/chatwidget.rs (110); codex-rs/protocol/src/protocol.rs (99); codex-rs/core/src/mcp_connection_manager.rs (88); codex-rs/Cargo.lock (85)
rust-v0.32.0,rust-v0.31.0,2025-09-10T10:12:55-07:00,2025-09-08T14:20:14-07:00,stable-rollup,2e2bf097773766785d52bf51de3fd207a60785d0,d523beb8cda758bb1bebf42b52dcd44b2e3fd592,21,82,2370,1495,3865,3176.3,694,138.8,Feature,codex-rs/Cargo.lock (694); codex-rs/core/src/shell.rs (421); codex-rs/mcp-server/src/codex_message_processor.rs (335); codex-rs/core/src/codex.rs (314); codex-rs/core/src/rollout/recorder.rs (256)
rust-v0.33.0,rust-v0.32.0,2025-09-10T12:41:15-07:00,2025-09-10T10:12:55-07:00,stable-rollup,4d365d506c873e19fe972a0bf77b91e2b8561acf,2e2bf097773766785d52bf51de3fd207a60785d0,9,36,2666,1530,4196,3667.3,269,49.0,Docs / Tests,codex-rs/tui/src/markdown_render_tests.rs (995); codex-rs/tui/src/markdown_render.rs (566); codex-rs/tui/src/markdown_stream.rs (502); codex-rs/tui/src/markdown.rs (461); codex-rs/core/src/shell.rs (421)
rust-v0.34.0,rust-v0.33.0,2025-09-10T14:15:41-07:00,2025-09-10T12:41:15-07:00,stable-rollup,544bae2e09f76547545748bfabbe8b9eb99ee131,4d365d506c873e19fe972a0bf77b91e2b8561acf,3,7,625,10,635,635.0,0,0.0,Build / Release,codex-rs/core/src/config_edit.rs (582); codex-rs/core/src/codex.rs (26); codex-rs/core/src/config.rs (19); codex-rs/mcp-types/src/lib.rs (3); codex-rs/mcp-server/src/message_processor.rs (2)
rust-v0.35.0,rust-v0.34.0,2025-09-15T08:52:25-07:00,2025-09-10T14:15:41-07:00,stable-rollup,385bed585ea47bf5a99279260d3481a8ff148e49,544bae2e09f76547545748bfabbe8b9eb99ee131,94,527,17252,2135,19387,13238.12,6340,1262.72,Feature,codex-rs/core/src/codex.rs (1020); codex-rs/core/tests/suite/compact_resume_fork.rs (838); codex-rs/core/tests/suite/compact.rs (704); codex-rs/core/src/unified_exec/mod.rs (643); codex-rs/core/src/config.rs (604)
rust-v0.36.0,rust-v0.35.0,2025-09-15T10:04:50-07:00,2025-09-15T08:52:25-07:00,stable-rollup,f88d8b88169d3a2bd5f36a734dde7a49fdfdc351,385bed585ea47bf5a99279260d3481a8ff148e49,2,2,2,2,4,4.0,0,0.0,Build / Release,codex-rs/tui/src/onboarding/welcome.rs (2); codex-rs/Cargo.toml (2)
rust-v0.37.0,rust-v0.36.0,2025-09-17T10:48:22-07:00,2025-09-15T10:04:50-07:00,stable-rollup,69e4d807e9ececb4fff2b996e7cf31847c852d41,f88d8b88169d3a2bd5f36a734dde7a49fdfdc351,18,37,1325,332,1657,1512.04,33,6.24,Build / Release,codex-rs/tui/src/bottom_pane/selection_popup_common.rs (282); codex-rs/core/tests/suite/prompt_caching.rs (277); scripts/publish_to_npm.py (118); codex-rs/core/tests/suite/review.rs (117); codex-rs/tui/src/history_cell.rs (116)
rust-v0.38.0,rust-v0.37.0,2025-09-17T11:05:35-07:00,2025-09-17T10:48:22-07:00,stable-rollup,8a7fdad757c4e5484d4024365b982097ebf34675,69e4d807e9ececb4fff2b996e7cf31847c852d41,2,2,2,1,3,3.0,0,0.0,Build / Release,codex-rs/Cargo.toml (2); .github/workflows/rust-release.yml (1)
rust-v0.39.0,rust-v0.38.0,2025-09-18T14:37:30-07:00,2025-09-17T11:05:35-07:00,stable-rollup,8009a54757f9f4ff9160fe5b00c09e187f8a1fee,8a7fdad757c4e5484d4024365b982097ebf34675,15,54,1425,717,2142,2070.26,5,0.76,Feature,codex-rs/tui/src/pager_overlay.rs (302); codex-rs/tui/src/app_backtrack.rs (269); codex-rs/core/src/codex.rs (181); codex-rs/tui/src/backtrack_helpers.rs (153); codex-rs/tui/src/chatwidget.rs (138)
rust-v0.40.0,rust-v0.39.0,2025-09-23T09:15:34-07:00,2025-09-18T14:37:30-07:00,stable-rollup,aa822f518c6ff261371e9526c846a12ece44b567,8009a54757f9f4ff9160fe5b00c09e187f8a1fee,34,138,4693,1749,6442,5982.3,170,27.4,Feature,codex-rs/git-tooling/src/ghost_commits.rs (494); codex-rs/tui/src/chatwidget.rs (484); codex-rs/tui/src/bottom_pane/list_selection_view.rs (308); codex-rs/tui/src/chatwidget/tests.rs (276); codex-rs/core/src/codex.rs (253)
rust-v0.41.0,rust-v0.40.0,2025-09-24T09:56:32-07:00,2025-09-23T09:15:34-07:00,stable-rollup,2aaa89082340272363c233e2c44d4d0991999cf2,aa822f518c6ff261371e9526c846a12ece44b567,23,56,2107,879,2986,2763.8,94,18.8,Build / Release,codex-cli/scripts/install_native_deps.py (318); codex-cli/scripts/build_npm_package.py (269); codex-rs/utils/readiness/src/lib.rs (249); codex-rs/tui/src/history_cell.rs (242); codex-rs/core/tests/suite/client.rs (146)
rust-v0.42.0,rust-v0.41.0,2025-09-26T11:29:00-07:00,2025-09-24T09:56:32-07:00,stable-rollup,7d9d276fa9e6a9d44036e856269e0748af69f5ba,2aaa89082340272363c233e2c44d4d0991999cf2,35,142,9331,3086,12417,11393.44,680,118.24,Feature,codex-rs/tui/src/history_cell.rs (1303); codex-rs/core/src/codex.rs (1059); codex-rs/tui/src/resume_picker.rs (843); codex-rs/exec/tests/event_processor_with_json_output.rs (587); codex-rs/tui/src/bottom_pane/approval_overlay.rs (559)
rust-v0.43.0,rust-v0.42.0,2025-10-01T10:46:11-07:00,2025-09-26T11:29:00-07:00,stable-rollup,c30d5ea06d3f757e74df685016b337be642d7897,7d9d276fa9e6a9d44036e856269e0748af69f5ba,67,314,28014,4127,32141,24491.12,6120,525.92,Feature,pnpm-lock.yaml (4460); codex-rs/cloud-tasks/src/lib.rs (1631); codex-rs/Cargo.lock (1332); codex-rs/core/tests/suite/otel.rs (1196); codex-rs/cloud-tasks/src/ui.rs (1048)
rust-v0.44.0,rust-v0.43.0,2025-10-03T09:43:34-07:00,2025-10-01T10:46:11-07:00,stable-rollup,55ccfeada963f9dee94e328b3d0076e8e8e31737,c30d5ea06d3f757e74df685016b337be642d7897,43,149,4417,3499,7916,7382.88,412,59.18,Feature,codex-rs/tui/src/pager_overlay.rs (537); codex-rs/core/src/codex.rs (518); codex-rs/tui/src/diff_render.rs (476); codex-rs/core/src/executor/sandbox.rs (405); codex-rs/tui/src/chatwidget/tests.rs (396)
rust-v0.45.0,rust-v0.44.0,2025-10-06T12:03:34-07:00,2025-10-03T09:43:34-07:00,stable-rollup,47a5d53ad52de9e3fa3fd409b0fa0358aea2b82a,55ccfeada963f9dee94e328b3d0076e8e8e31737,55,177,13300,3731,17031,14163.6,1470,245.4,Feature,codex-rs/core/src/codex.rs (1489); codex-rs/Cargo.lock (1440); codex-rs/core/src/tools/spec.rs (1403); codex-rs/core/src/openai_tools.rs (1190); codex-rs/rmcp-client/src/oauth.rs (822)
rust-v0.46.0,rust-v0.45.0,2025-10-08T18:48:45-07:00,2025-10-06T12:03:34-07:00,stable-rollup,5c42685a1951b88ac8da67a8ca5c6dc5299ca2fc,47a5d53ad52de9e3fa3fd409b0fa0358aea2b82a,34,128,4508,1555,6063,5343.42,228,33.72,Feature,codex-rs/tui/src/terminal_palette.rs (527); codex-rs/core/src/tools/handlers/list_dir.rs (476); codex-rs/core/tests/suite/list_dir.rs (460); codex-rs/tui/src/render/highlight.rs (297); codex-rs/cli/src/mcp_cmd.rs (274)
rust-v0.47.0,rust-v0.46.0,2025-10-17T09:46:07-07:00,2025-10-08T18:48:45-07:00,stable-rollup,17e7933c19797c27565457095aa4758d5cf434c3,5c42685a1951b88ac8da67a8ca5c6dc5299ca2fc,52,136,9799,1332,11131,10240.34,394,71.24,Feature,codex-rs/core/src/tools/handlers/read_file.rs (928); codex-rs/core/src/config.rs (841); codex-rs/core/src/tools/handlers/mcp_resource.rs (773); codex-rs/core/tests/suite/shell_serialization.rs (537); codex-rs/core/src/tools/spec.rs (375)
rust-v0.48.0,rust-v0.47.0,2025-10-23T16:24:01-07:00,2025-10-17T09:46:07-07:00,stable-rollup,9f055f8a80ce231e5b10a45572a2301ec0846692,17e7933c19797c27565457095aa4758d5cf434c3,83,288,16510,8506,25016,22369.2,220,44.0,Feature,codex-rs/core/src/codex.rs (1809); codex-rs/core/tests/suite/approvals.rs (1175); codex-rs/core/tests/suite/apply_patch_cli.rs (1052); codex-rs/core/tests/suite/unified_exec.rs (865); codex-rs/core/src/unified_exec/mod.rs (837)
rust-v0.49.0,rust-v0.48.0,2025-10-24T11:36:20-07:00,2025-10-23T16:24:01-07:00,stable-rollup,6c37f9e24a56cfc2e22fe29a8802f78407331e79,9f055f8a80ce231e5b10a45572a2301ec0846692,1,1,1,1,2,2.0,0,0.0,Build / Release,codex-rs/Cargo.toml (2)
rust-v0.50.0,rust-v0.49.0,2025-10-25T14:16:35-07:00,2025-10-24T11:36:20-07:00,stable-rollup,444f72a05929433203ff6e90f5fa8c48a01ebc6c,6c37f9e24a56cfc2e22fe29a8802f78407331e79,19,79,2438,391,2829,2626.96,139,20.06,Feature,codex-rs/tui/src/bottom_pane/feedback_view.rs (613); codex-rs/core/src/sandboxing/assessment.rs (275); codex-rs/app-server/tests/suite/send_message.rs (211); codex-rs/core/src/default_client.rs (139); codex-rs/core/src/codex.rs (132)
rust-v0.51.0,rust-v0.50.0,2025-10-30T09:05:38-07:00,2025-10-25T14:16:35-07:00,stable-rollup,75e02eef022b38031a391f7c42910103a36b24fa,444f72a05929433203ff6e90f5fa8c48a01ebc6c,66,239,13492,4895,18387,16258.3,1062,195.3,Feature,codex-rs/core/src/codex.rs (1295); codex-rs/core/src/{config.rs => config/mod.rs} (975); codex-rs/core/src/config/edit.rs (954); codex-rs/core/src/config_edit.rs (748); codex-rs/core/src/auth/storage.rs (672)
rust-v0.52.0,rust-v0.51.0,2025-10-30T11:09:31-07:00,2025-10-30T09:05:38-07:00,stable-rollup,6440ac845f6e4c26cf4c93d5916576d87a851155,75e02eef022b38031a391f7c42910103a36b24fa,3,5,1029,4,1033,724.9,0,0.0,Build / Release,codex-rs/core/tests/suite/apply_patch_freeform.rs (1001); codex-rs/core/tests/common/test_codex.rs (24); codex-rs/cli/src/mcp_cmd.rs (4); codex-rs/core/tests/suite/mod.rs (2); codex-rs/Cargo.toml (2)
rust-v0.53.0,rust-v0.52.0,2025-10-30T17:56:29-07:00,2025-10-30T11:09:31-07:00,stable-rollup,0843867ce0817f7d840f209bd6e9d144ade3755d,6440ac845f6e4c26cf4c93d5916576d87a851155,14,76,4816,1736,6552,6005.9,383,76.6,Build / Release,codex-rs/app-server-protocol/src/protocol.rs (1365); codex-rs/app-server-protocol/src/protocol/common.rs (685); codex-rs/windows-sandbox-rs/src/lib.rs (452); codex-rs/app-server-protocol/src/protocol/v1.rs (405); codex-rs/windows-sandbox-rs/Cargo.lock (369)
rust-v0.54.0,rust-v0.53.0,2025-11-04T10:31:30-08:00,2025-10-30T17:56:29-07:00,stable-rollup,74d88242bf3143a7bb28c3edfeed3746e733391c,0843867ce0817f7d840f209bd6e9d144ade3755d,44,97,2980,689,3669,3100.44,114,21.54,Docs / Tests,codex-rs/core/tests/suite/compact.rs (519); codex-rs/core/tests/suite/undo.rs (491); docs/example-config.md (374); codex-rs/core/src/conversation_history.rs (177); codex-rs/core/tests/suite/shell_serialization.rs (160)
rust-v0.55.0,rust-v0.54.0,2025-11-04T12:00:54-08:00,2025-11-04T10:31:30-08:00,stable-rollup,d5c36e37cc244edf2b07b09b2a27f76c54f47639,74d88242bf3143a7bb28c3edfeed3746e733391c,3,7,71,61,132,116.4,0,0.0,Build / Release,codex-rs/core/tests/suite/codex_delegate.rs (52); .github/actions/setup-musl-1_2_5/action.yml (47); .github/workflows/rust-ci.yml (12); .github/workflows/rust-release.yml (8); codex-rs/core/src/tasks/review.rs (6)
rust-v0.56.0,rust-v0.55.0,2025-11-07T09:46:07-08:00,2025-11-04T12:00:54-08:00,stable-rollup,b740f84a151470f483e6311114170fb82a45f878,d5c36e37cc244edf2b07b09b2a27f76c54f47639,32,109,7284,2664,9948,8597.22,80,11.92,Feature,codex-rs/app-server/src/codex_message_processor.rs (1470); codex-rs/core/src/conversation_history.rs (1349); codex-rs/core/src/context_manager/history_tests.rs (841); codex-rs/app-server-protocol/src/protocol/v2.rs (616); codex-rs/app-server/tests/suite/v2/turn_start.rs (486)
rust-v0.57.0,rust-v0.56.0,2025-11-09T14:07:45-08:00,2025-11-07T09:46:07-08:00,stable-rollup,d271027b8d6e01580ccc746e56e807b8b834cc87,b740f84a151470f483e6311114170fb82a45f878,25,60,2208,854,3062,2642.1,13,2.6,Feature,codex-rs/core/tests/suite/unified_exec.rs (273); codex-rs/app-server/README.md (240); codex-rs/app-server/tests/suite/v2/account.rs (231); codex-rs/core/tests/suite/approvals.rs (216); codex-rs/core/tests/suite/otel.rs (185)
rust-v0.58.0,rust-v0.57.0,2025-11-13T09:39:02-08:00,2025-11-09T14:07:45-08:00,stable-rollup,0b6d70cc0d2451e743033756132cd51531d2876f,d271027b8d6e01580ccc746e56e807b8b834cc87,62,131,5885,1321,7206,6518.62,352,60.92,Feature,codex-rs/app-server/src/codex_message_processor.rs (386); codex-rs/cli/src/debug_sandbox/pid_tracker.rs (372); codex-rs/core/gpt_5_1_prompt.md (370); codex-rs/tui/src/model_migration.rs (266); codex-rs/common/src/model_presets.rs (244)
rust-v0.59.0,rust-v0.58.0,2025-11-19T09:48:27-08:00,2025-11-13T09:39:02-08:00,stable-rollup,ab16f9651cba5b9abe2bea28d5404d4d6b81474d,0b6d70cc0d2451e743033756132cd51531d2876f,114,275,19973,31237,51210,24045.26,1669,298.96,Feature,codex-rs/tui/tests/fixtures/binary-size-log.jsonl (24109); codex-rs/app-server-test-client/Cargo.lock (1298); codex-rs/core/tests/suite/apply_patch_freeform.rs (1001); codex-rs/app-server/src/bespoke_event_handling.rs (984); codex-rs/core/tests/suite/shell_serialization.rs (898)
rust-v0.60.1,rust-v0.59.0,2025-11-19T11:22:45-08:00,2025-11-19T09:48:27-08:00,stable-rollup,27a4f19aa19bc6ce05abdb637ec8f3edc778eeb2,ab16f9651cba5b9abe2bea28d5404d4d6b81474d,8,22,604,102,706,661.72,48,6.72,Feature,codex-rs/tui/src/status/tests.rs (271); codex-rs/tui/src/status/rate_limits.rs (96); codex-rs/windows-sandbox-rs/src/audit.rs (70); codex-rs/tui/src/status/card.rs (60); codex-rs/backend-client/src/client.rs (37)
rust-v0.61.0,rust-v0.60.1,2025-11-20T07:50:17-08:00,2025-11-19T11:22:45-08:00,stable-rollup,71a7bed2fc8d98947583bdd89942f7a3010d267d,27a4f19aa19bc6ce05abdb637ec8f3edc778eeb2,13,50,1461,389,1850,1816.1,3,0.6,Docs / Tests,codex-rs/core/src/exec_policy.rs (365); codex-rs/exec-server/src/posix.rs (145); codex-rs/exec-server/src/posix/mcp_escalation_policy.rs (117); codex-rs/core/src/truncate.rs (114); codex-rs/core/tests/suite/exec_policy.rs (101)
rust-v0.62.0,rust-v0.61.0,2025-11-21T08:59:38-08:00,2025-11-20T07:50:17-08:00,stable-rollup,d5adf7b3364bd7c577e39b6a2cd3d32a8dad89ea,71a7bed2fc8d98947583bdd89942f7a3010d267d,41,195,5915,2293,8208,7637.18,131,25.78,Feature,codex-rs/core/src/text_encoding.rs (461); .github/workflows/shell-tool-mcp.yml (412); codex-rs/app-server/src/bespoke_event_handling.rs (358); codex-rs/app-server/tests/suite/v2/turn_start.rs (334); codex-rs/tui/src/history_cell.rs (327)
rust-v0.63.0,rust-v0.62.0,2025-11-21T10:00:39-08:00,2025-11-21T08:59:38-08:00,stable-rollup,e37088e1b3e5d56acac2ec97b56d926130257dd7,d5adf7b3364bd7c577e39b6a2cd3d32a8dad89ea,4,12,277,87,364,322.0,0,0.0,Build / Release,codex-rs/app-server/src/bespoke_event_handling.rs (148); codex-rs/app-server/tests/suite/v2/turn_start.rs (140); codex-rs/core/src/openai_model_info.rs (37); codex-rs/core/src/config/mod.rs (16); .github/workflows/rust-release.yml (8)
rust-v0.64.0,rust-v0.63.0,2025-12-02T13:51:19-08:00,2025-11-21T10:00:39-08:00,stable-rollup,26f4170088aa59894d050f9c10ea09acd4ff2be6,e37088e1b3e5d56acac2ec97b56d926130257dd7,81,222,12097,4204,16301,14963.3,169,33.8,Build / Release,codex-rs/core/src/client.rs (1693); codex-rs/core/src/chat_completions.rs (981); codex-rs/app-server/src/config_api.rs (974); codex-rs/app-server/src/bespoke_event_handling.rs (685); codex-rs/codex-api/src/sse/responses.rs (672)
rust-v0.65.0,rust-v0.64.0,2025-12-04T09:55:41-08:00,2025-12-02T13:51:19-08:00,stable-rollup,dcaedf2a4fccb477bccbae5744809c5e45891f2e,26f4170088aa59894d050f9c10ea09acd4ff2be6,56,145,6297,1729,8026,7702.92,65,10.72,Feature,codex-rs/tui/src/bottom_pane/chat_composer.rs (467); codex-rs/utils/git/src/ghost_commits.rs (325); codex-rs/exec/src/lib.rs (305); codex-rs/core/src/skills/loader.rs (291); codex-rs/core/src/rollout/tests.rs (286)
rust-v0.66.0,rust-v0.65.0,2025-12-08T19:05:23-08:00,2025-12-04T09:55:41-08:00,stable-rollup,d82801d73bc8e236221f8340282a1f07917c7221,dcaedf2a4fccb477bccbae5744809c5e45891f2e,73,212,7674,1829,9503,8664.86,150,26.76,Docs / Tests,codex-rs/core/src/exec_policy.rs (607); codex-rs/core/src/codex.rs (506); codex-rs/core/src/openai_models/models_manager.rs (394); codex-rs/cloud-tasks/src/lib.rs (377); codex-rs/core/tests/suite/unified_exec.rs (350)
rust-v0.67.0,rust-v0.66.0,2025-12-10T11:10:19-08:00,2025-12-08T19:05:23-08:00,stable-rollup,9eacb5ba093beb4266e37fb18962a7e548d9503d,d82801d73bc8e236221f8340282a1f07917c7221,24,83,4240,727,4967,4734.7,41,8.2,Feature,codex-rs/core/src/shell_snapshot.rs (463); codex-rs/windows-sandbox-rs/src/acl.rs (342); codex-rs/core/tests/suite/unified_exec.rs (339); codex-rs/utils/pty/src/win/psuedocon.rs (322); codex-rs/rmcp-client/src/perform_oauth_login.rs (283)
rust-v0.68.0,rust-v0.67.0,2025-12-10T12:33:29-08:00,2025-12-10T11:10:19-08:00,stable-rollup,658ba484e9fd5583e1546076ad726a9dec22c72c,9eacb5ba093beb4266e37fb18962a7e548d9503d,12,113,1763,1511,3274,2922.12,131,26.02,Build / Release,codex-rs/core/src/sandboxing/assessment.rs (268); codex-rs/app-server/src/config_api.rs (190); codex-rs/codex-client/src/default_client.rs (143); codex-rs/tui/src/bottom_pane/chat_composer.rs (136); codex-rs/core/src/default_client.rs (134)
rust-v0.69.0,rust-v0.68.0,2025-12-10T14:01:08-08:00,2025-12-10T12:33:29-08:00,stable-rollup,c1c0f8c1ba892744dfa3f0683089fafadcba9fcb,658ba484e9fd5583e1546076ad726a9dec22c72c,4,26,808,139,947,866.0,0,0.0,Feature,codex-rs/app-server-protocol/src/protocol/v2.rs (139); codex-rs/core/tests/suite/skills.rs (136); codex-rs/app-server/tests/suite/v2/config_rpc.rs (114); codex-rs/core/src/codex.rs (81); codex-rs/core/src/skills/injection.rs (78)
rust-v0.70.0,rust-v0.69.0,2025-12-11T09:43:39-08:00,2025-12-10T14:01:08-08:00,stable-rollup,b55fb80f4d3d67dcea6f8ca8603a35bfaafc6640,c1c0f8c1ba892744dfa3f0683089fafadcba9fcb,18,797,56776,439,57215,38282.24,10067,1787.74,Docs / Tests,codex-rs/tui2/src/bottom_pane/chat_composer.rs (3990); codex-rs/tui2/src/chatwidget.rs (3463); codex-rs/tui2/src/chatwidget/tests.rs (3329); codex-rs/tui2/src/history_cell.rs (2435); codex-rs/tui2/src/bottom_pane/textarea.rs (2015)
rust-v0.71.0,rust-v0.70.0,2025-12-11T09:50:53-08:00,2025-12-11T09:43:39-08:00,stable-rollup,fbaa49ff313987f0de66cf3f5e065a7b5d0dfe57,b55fb80f4d3d67dcea6f8ca8603a35bfaafc6640,2,6,14,25,39,36.42,3,0.42,Build / Release,codex-rs/tui/src/chatwidget.rs (27); codex-rs/tui/src/status_indicator_widget.rs (5); codex-rs/tui/src/chatwidget/snapshots/codex_tui__chatwidget__tests__chatwidget_markdown_code_blocks_vt100_snapshot.snap (3); codex-rs/Cargo.toml (2); codex-rs/tui/src/chatwidget/tests.rs (1)
rust-v0.72.0,rust-v0.71.0,2025-12-12T16:54:04-08:00,2025-12-11T09:50:53-08:00,stable-rollup,63d42e7ad9c83d234a31ffcd96d7b08b2673d29a,fbaa49ff313987f0de66cf3f5e065a7b5d0dfe57,35,122,4829,3148,7977,7774.04,104,16.54,Feature,codex-rs/app-server/src/config_api.rs (1096); codex-rs/core/src/config/service.rs (935); codex-rs/windows-sandbox-rs/src/elevated_impl.rs (588); codex-rs/scripts/create_github_release (411); codex-rs/core/src/command_safety/windows_safe_commands.rs (398)
rust-v0.73.0,rust-v0.72.0,2025-12-15T14:08:17-08:00,2025-12-12T16:54:04-08:00,stable-rollup,8781ee7b5045e4288939b2f927bf0fac8953f9f7,63d42e7ad9c83d234a31ffcd96d7b08b2673d29a,25,144,12413,1230,13643,5837.86,504,96.36,Build / Release,codex-rs/tui2/tests/fixtures/oss-story.jsonl (8041); codex-rs/utils/git/src/ghost_commits.rs (697); codex-rs/otel/src/otel_provider.rs (433); codex-rs/Cargo.lock (430); codex-rs/tui2/src/model_migration.rs (319)
rust-v0.74.0,rust-v0.73.0,2025-12-18T09:40:25-08:00,2025-12-15T14:08:17-08:00,stable-rollup,7dae4bb9ce2980dc716cc86f33f3500b52fa372c,8781ee7b5045e4288939b2f927bf0fac8953f9f7,76,219,12637,3272,15909,15127.34,143,21.94,Feature,codex-rs/tui2/src/app.rs (1073); codex-rs/apply-patch/src/invocation.rs (813); codex-rs/apply-patch/src/lib.rs (715); codex-rs/core/tests/common/streaming_sse.rs (680); codex-rs/tui2/docs/tui_viewport_and_history.md (553)
rust-v0.75.0,rust-v0.74.0,2025-12-18T11:00:49-08:00,2025-12-18T09:40:25-08:00,stable-rollup,b4faed2031edf33a33ca2d7c66642b6d7c166692,7dae4bb9ce2980dc716cc86f33f3500b52fa372c,4,25,856,333,1189,1159.26,14,1.96,Build / Release,codex-rs/core/src/config_loader/mod.rs (203); codex-rs/core/src/config_loader/state.rs (155); codex-rs/core/src/config/service.rs (155); codex-rs/cloud-tasks/src/lib.rs (143); codex-rs/core/src/config/mod.rs (114)
rust-v0.76.0,rust-v0.75.0,2025-12-19T10:27:19-08:00,2025-12-18T11:00:49-08:00,stable-rollup,395587c1ba89662a869b96e2fe811d149d6981fe,b4faed2031edf33a33ca2d7c66642b6d7c166692,30,138,5594,1639,7233,6996.62,221,34.12,Feature,codex-rs/core/src/terminal.rs (1186); codex-rs/tui/src/chatwidget/tests.rs (715); codex-rs/tui2/src/chatwidget/tests.rs (558); codex-rs/core/src/skills/assets/samples/skill-installer/scripts/install-skill-from-github.py (308); codex-rs/tui/src/history_cell.rs (295)
rust-v0.77.0,rust-v0.76.0,2025-12-20T21:06:39-08:00,2025-12-19T10:27:19-08:00,stable-rollup,83633da9aadf9f741d06d7adb2d4267af7788967,395587c1ba89662a869b96e2fe811d149d6981fe,15,86,3052,1049,4101,4059.2,2,0.4,Build / Release,codex-rs/tui2/src/tui/scrolling/mouse.rs (1105); codex-rs/tui2/docs/scroll_input_model.md (610); codex-rs/core/models.json (212); codex-rs/core/src/config/mod.rs (211); codex-rs/core/src/skills/assets/samples/plan/LICENSE.txt (202)
rust-v0.78.0,rust-v0.77.0,2026-01-06T10:16:58-08:00,2025-12-20T21:06:39-08:00,stable-rollup,04b21ce8545b03f097adba83d99690c8446667f1,83633da9aadf9f741d06d7adb2d4267af7788967,84,255,14008,5258,19266,18392.02,430,83.72,Build / Release,codex-rs/tui2/src/transcript_multi_click.rs (1221); docs/config.md (1061); codex-rs/tui2/src/transcript_view_cache.rs (1033); codex-rs/tui2/src/app.rs (893); codex-rs/tui2/src/transcript_copy.rs (801)
rust-v0.79.0,rust-v0.78.0,2026-01-06T16:25:37-08:00,2026-01-06T10:16:58-08:00,stable-rollup,617573e14d9d846d1b56e6253019cb8e1d693724,04b21ce8545b03f097adba83d99690c8446667f1,25,102,4884,1027,5911,5690.48,52,7.28,Build / Release,codex-rs/core/src/skills/loader.rs (547); codex-rs/core/src/codex.rs (313); codex-rs/core/src/conversation_manager.rs (305); codex-rs/tui2/src/history_cell.rs (287); codex-rs/tui2/src/markdown_stream.rs (273)
rust-v0.80.0,rust-v0.79.0,2026-01-09T11:17:48-08:00,2026-01-06T16:25:37-08:00,stable-rollup,c5435a4331ea7a374b633877fc1bdeae1162dd0a,617573e14d9d846d1b56e6253019cb8e1d693724,73,306,13993,4825,18818,17138.42,294,46.92,Feature,codex-rs/app-server/src/codex_message_processor.rs (900); codex-rs/core/src/auth.rs (598); codex-rs/core/src/models_manager/model_family.rs (557); codex-rs/tui/src/chatwidget.rs (534); codex-rs/core/tests/suite/auth_refresh.rs (463)
rust-v0.81.0,rust-v0.80.0,2026-01-14T09:42:55-08:00,2026-01-09T11:17:48-08:00,stable-rollup,28a89be593c402353623fbebfdc806331eb2ddac,c5435a4331ea7a374b633877fc1bdeae1162dd0a,99,382,22135,4761,26896,24001.28,1476,279.18,Feature,codex-rs/core/config.schema.json (1450); codex-rs/tui2/src/bottom_pane/chat_composer.rs (1365); codex-rs/tui/src/bottom_pane/chat_composer.rs (1363); MODULE.bazel.lock (1101); codex-rs/core/src/parse_command.rs (1027)
rust-v0.82.0,rust-v0.81.0,2026-01-14T15:42:33-08:00,2026-01-14T09:42:55-08:00,stable-rollup,4f0d3ed9a2878f699c9806bc089b32dd0871a33a,28a89be593c402353623fbebfdc806331eb2ddac,16,84,3455,834,4289,4189.32,10,1.52,Feature,codex-rs/tui/src/chatwidget.rs (327); codex-rs/tui2/src/chatwidget.rs (325); codex-rs/utils/pty/src/lib.rs (288); codex-rs/core/src/tools/handlers/collab.rs (275); codex-rs/utils/pty/src/tests.rs (242)
rust-v0.83.0,rust-v0.82.0,2026-01-14T16:23:09-08:00,2026-01-14T15:42:33-08:00,stable-rollup,5d8a1f368f5ebd24b7a7944af460b934fb54b7ab,4f0d3ed9a2878f699c9806bc089b32dd0871a33a,2,2,2,3,5,5.0,0,0.0,Docs / Tests,codex-rs/codex-api/src/sse/responses.rs (3); codex-rs/Cargo.toml (2)
rust-v0.84.0,rust-v0.83.0,2026-01-14T16:57:31-08:00,2026-01-14T16:23:09-08:00,stable-rollup,276a618393932b45ffb5290d038d143af7796c25,5d8a1f368f5ebd24b7a7944af460b934fb54b7ab,3,64,485,43,528,454.2,0,0.0,Build / Release,codex-rs/protocol/src/protocol.rs (53); codex-rs/app-server-protocol/src/protocol/v2.rs (52); codex-rs/protocol/src/user_input.rs (39); codex-rs/core/tests/suite/client.rs (37); codex-rs/app-server-protocol/src/protocol/thread_history.rs (34)
rust-v0.85.0,rust-v0.84.0,2026-01-15T18:04:43Z,2026-01-14T16:57:31-08:00,stable-rollup,980a4c6454a98e5e94edb77f1fb86ca29c6967da,276a618393932b45ffb5290d038d143af7796c25,11,40,1417,397,1814,1746.9,1,0.2,Feature,codex-rs/linux-sandbox/tests/suite/landlock.rs (209); codex-rs/app-server/src/bespoke_event_handling.rs (175); codex-rs/exec/src/lib.rs (165); codex-rs/tui2/src/collab.rs (142); codex-rs/tui/src/collab.rs (142)
rust-v0.86.0,rust-v0.85.0,2026-01-15T16:46:07-08:00,2026-01-15T18:04:43Z,stable-rollup,ae9a0b5c4e21e48f6c45efe370659304de9009e0,980a4c6454a98e5e94edb77f1fb86ca29c6967da,9,26,768,174,942,919.2,0,0.0,Feature,codex-rs/core/src/skills/loader.rs (424); codex-rs/tui/src/chatwidget.rs (83); codex-rs/core/tests/responses_headers.rs (63); codex-rs/core/src/tools/spec.rs (60); codex-rs/app-server-protocol/src/protocol/v2.rs (39)
rust-v0.87.0,rust-v0.86.0,2026-01-16T16:04:06+01:00,2026-01-15T16:46:07-08:00,stable-rollup,f2c2a07a097217b88187ad2e14c8ae05294d78a2,ae9a0b5c4e21e48f6c45efe370659304de9009e0,13,50,1225,285,1510,1435.9,0,0.0,Feature,codex-rs/core/src/tools/handlers/collab.rs (291); codex-rs/tui/src/app.rs (189); codex-rs/app-server/src/bespoke_event_handling.rs (92); codex-rs/app-server/tests/suite/v2/turn_start.rs (83); codex-rs/core/templates/agents/orchestrator.md (79)
rust-v0.88.0,rust-v0.87.0,2026-01-21T10:43:18-08:00,2026-01-16T16:04:06+01:00,stable-rollup,5fa8f5b3c510422a9862d7a92e512de65bfa0c54,f2c2a07a097217b88187ad2e14c8ae05294d78a2,94,286,20335,2765,23100,21217.38,313,49.28,Feature,codex-rs/tui2/src/bottom_pane/chat_composer.rs (1546); codex-rs/tui/src/bottom_pane/chat_composer.rs (1533); codex-rs/tui/src/bottom_pane/request_user_input/mod.rs (770); codex-rs/tui2/src/chatwidget.rs (690); codex-rs/tui/src/chatwidget.rs (680)
rust-v0.89.0,rust-v0.88.0,2026-01-22T12:57:38-08:00,2026-01-21T10:43:18-08:00,stable-rollup,76b7adbe0bdfc36f79c9bdc1a86dd0d6d1bd1b2a,5fa8f5b3c510422a9862d7a92e512de65bfa0c54,32,936,5425,84623,90048,55280.1,10778,1910.2,Feature,codex-rs/tui2/tests/fixtures/oss-story.jsonl (8041); codex-rs/tui2/src/bottom_pane/chat_composer.rs (5983); codex-rs/tui2/src/chatwidget.rs (4785); codex-rs/tui2/src/chatwidget/tests.rs (4002); codex-rs/tui2/src/app.rs (3114)
rust-v0.90.0,rust-v0.89.0,2026-01-25T16:56:25+01:00,2026-01-22T12:57:38-08:00,stable-rollup,d6525bc43743fd19069a2a966fa75e5406da94b6,76b7adbe0bdfc36f79c9bdc1a86dd0d6d1bd1b2a,47,145,11522,1257,12779,11739.32,936,184.02,Feature,codex-rs/network-proxy/src/runtime.rs (984); codex-rs/Cargo.lock (883); codex-rs/tui/src/app.rs (849); codex-rs/network-proxy/src/http_proxy.rs (636); codex-rs/tui/src/chatwidget.rs (560)
rust-v0.91.0,rust-v0.90.0,2026-01-25T17:52:48+01:00,2026-01-25T16:56:25+01:00,stable-rollup,64a706fd8f94fec43d5abca3d11780bd52bb15f6,d6525bc43743fd19069a2a966fa75e5406da94b6,2,2,2,2,4,4.0,0,0.0,Docs / Tests,codex-rs/core/src/config/mod.rs (2); codex-rs/Cargo.toml (2)
rust-v0.92.0,rust-v0.91.0,2026-01-27T10:32:31Z,2026-01-25T17:52:48+01:00,stable-rollup,b1dcbe7ed9d43e03c6911f6ef42b5c5c32cc78e8,64a706fd8f94fec43d5abca3d11780bd52bb15f6,54,138,5860,1764,7624,6900.0,167,26.8,Feature,codex-rs/tui/src/bottom_pane/request_user_input/mod.rs (467); codex-rs/tui/src/bottom_pane/request_user_input/layout.rs (373); codex-rs/app-server/src/codex_message_processor.rs (330); codex-rs/exec/src/event_processor_with_jsonl_output.rs (319); codex-rs/core/templates/collaboration_mode/plan.md (309)
rust-v0.93.0,rust-v0.92.0,2026-01-30T23:17:25-07:00,2026-01-27T10:32:31Z,stable-rollup,9b42e40ec81957232cb65cae8e9bbb47f6751dfe,b1dcbe7ed9d43e03c6911f6ef42b5c5c32cc78e8,134,395,27718,4286,32004,28836.54,1266,221.94,Feature,codex-rs/tui/src/bottom_pane/request_user_input/mod.rs (2029); codex-rs/core/src/codex.rs (1283); codex-rs/file-search/src/lib.rs (977); codex-rs/tui/src/bottom_pane/chat_composer.rs (822); codex-rs/tui/src/chatwidget.rs (735)
rust-v0.94.0,rust-v0.93.0,2026-02-02T09:44:09-08:00,2026-01-30T23:17:25-07:00,stable-rollup,a334db553297f3c4cb85fa4e73b946b478e46703,9b42e40ec81957232cb65cae8e9bbb47f6751dfe,29,659,94776,532,95308,11924.2,91278,8207.4,Docs / Tests,codex-rs/app-server-protocol/schema/json/codex_app_server_protocol.schemas.json (16269); codex-rs/app-server-protocol/schema/json/ServerNotification.json (8285); codex-rs/app-server-protocol/schema/json/EventMsg.json (7610); codex-rs/app-server-protocol/schema/json/v1/SessionConfiguredNotification.json (5380); codex-rs/app-server-protocol/schema/json/v1/ResumeConversationResponse.json (5358)
rust-v0.95.0,rust-v0.94.0,2026-02-03T20:07:31-08:00,2026-02-02T09:44:09-08:00,stable-rollup,d1d2249b12e7b19164e9655d85cd5be2acd76338,a334db553297f3c4cb85fa4e73b946b478e46703,66,426,27409,21697,49106,33149.24,11137,1979.84,Feature,codex-rs/vendor/bubblewrap/bubblewrap.c (3641); codex-rs/mcp-types/schema/2025-06-18/schema.json (2516); codex-rs/Cargo.lock (2433); codex-rs/mcp-types/schema/2025-03-26/schema.json (2138); codex-rs/mcp-types/src/lib.rs (1714)
rust-v0.96.0,rust-v0.95.0,2026-02-04T17:00:11Z,2026-02-03T20:07:31-08:00,stable-rollup,1cf7ea77dfd44a4108bc3f32a8de80690cd42b60,d1d2249b12e7b19164e9655d85cd5be2acd76338,17,63,2047,638,2685,2235.32,113,22.42,Docs / Tests,codex-rs/core/src/rollout/tests.rs (208); codex-rs/state/src/runtime.rs (175); codex-rs/core/tests/suite/client_websockets.rs (163); codex-rs/core/src/rollout/recorder.rs (144); codex-rs/core/tests/suite/model_tools.rs (136)
rust-v0.97.0,rust-v0.96.0,2026-02-04T20:26:52-08:00,2026-02-04T17:00:11Z,stable-rollup,019b6949d4d40901c3683e61fd0653dc8c886721,1cf7ea77dfd44a4108bc3f32a8de80690cd42b60,24,153,6420,1899,8319,7028.24,1121,217.24,Docs / Tests,codex-rs/core/src/client.rs (580); MODULE.bazel.lock (532); codex-rs/core/src/file_watcher.rs (407); codex-rs/state/src/runtime.rs (398); codex-rs/core/src/codex.rs (350)
rust-v0.98.0,rust-v0.97.0,2026-02-05T08:12:44-08:00,2026-02-04T20:26:52-08:00,stable-rollup,b8562c11613a2e89ccc1c2e19e90815850bc8fca,019b6949d4d40901c3683e61fd0653dc8c886721,9,30,1205,147,1352,1100.16,4,0.56,Docs / Tests,codex-rs/core/tests/suite/compact_remote.rs (219); codex-rs/core/tests/suite/model_switching.rs (192); codex-rs/core/tests/suite/resume.rs (163); codex-rs/core/src/codex.rs (146); codex-rs/app-server/tests/suite/send_message.rs (142)
rust-v0.99.0,rust-v0.98.0,2026-02-11T11:54:42-08:00,2026-02-05T08:12:44-08:00,stable-rollup,cad0bf09f749831b2f1109cf86a122c0a0025075,b8562c11613a2e89ccc1c2e19e90815850bc8fca,193,498,36818,7423,44241,38978.16,3938,779.56,Feature,codex-rs/state/src/runtime.rs (1214); codex-rs/core/src/codex.rs (1194); codex-rs/tui/src/chatwidget.rs (1059); codex-rs/app-server/src/codex_message_processor.rs (959); codex-rs/tui/src/resume_picker.rs (954)
rust-v0.100.0,rust-v0.99.0,2026-02-12T09:50:37-08:00,2026-02-11T11:54:42-08:00,stable-rollup,3b6e74b32888f7c00632e200a347c7cfba6e4ddf,cad0bf09f749831b2f1109cf86a122c0a0025075,85,355,16365,5783,22148,18534.26,3861,751.86,Feature,codex-rs/app-server-test-client/Cargo.lock (1287); codex-rs/app-server/src/codex_message_processor.rs (1078); codex-rs/app-server/src/transport.rs (780); codex-rs/core/src/tools/js_repl/mod.rs (754); codex-rs/cloud-requirements/src/lib.rs (655)
rust-v0.101.0,rust-v0.100.0,2026-02-12T11:27:09-08:00,2026-02-12T09:50:37-08:00,stable-rollup,b0aa1ce407b741c9041e7b4dc52b3cc658848935,3b6e74b32888f7c00632e200a347c7cfba6e4ddf,7,22,666,777,1443,1415.9,2,0.4,Docs / Tests,codex-rs/core/src/memories/phase1.rs (466); codex-rs/core/src/memories/startup/mod.rs (306); codex-rs/core/src/memories/stage_one.rs (210); codex-rs/core/src/memories/startup/extract.rs (199); codex-rs/core/tests/suite/remote_models.rs (85)
rust-v0.102.0,rust-v0.101.0,2026-02-17T11:21:41-08:00,2026-02-12T11:27:09-08:00,stable-rollup,af60b6434e55fcb366ec7327732a13a1f3a388df,b0aa1ce407b741c9041e7b4dc52b3cc658848935,111,369,26868,4567,31435,27806.48,1908,361.98,Docs / Tests,codex-rs/core/src/codex.rs (1374); codex-rs/core/src/tools/js_repl/mod.rs (1353); codex-rs/tui/src/chatwidget/tests.rs (1244); codex-rs/app-server-protocol/src/protocol/thread_history.rs (1022); codex-rs/core/tests/suite/search_tool.rs (930)
rust-v0.103.0,rust-v0.102.0,2026-02-17T14:23:15-08:00,2026-02-17T11:21:41-08:00,stable-rollup,76ac961296e6237327b00397de1f2c0d1b05b447,af60b6434e55fcb366ec7327732a13a1f3a388df,10,53,1409,419,1828,1022.9,859,171.8,Build / Release,codex-rs/app-server-protocol/schema/json/v2/AppsListResponse.json (195); codex-rs/app-server-protocol/schema/json/v2/AppListUpdatedNotification.json (195); codex-rs/app-server-protocol/schema/json/codex_app_server_protocol.schemas.json (195); codex-rs/app-server-protocol/schema/json/ServerNotification.json (195); codex-rs/core/tests/suite/personality.rs (150)
rust-v0.104.0,rust-v0.103.0,2026-02-17T22:34:45-08:00,2026-02-17T14:23:15-08:00,stable-rollup,10553fa470faa9e3e3b672008e20b88775b50ee1,76ac961296e6237327b00397de1f2c0d1b05b447,8,64,1510,242,1752,1200.1,418,77.6,Docs / Tests,codex-rs/core/tests/suite/compact_remote.rs (388); codex-rs/app-server/src/bespoke_event_handling.rs (185); codex-rs/core/tests/suite/compact.rs (125); codex-rs/codex-api/src/sse/responses.rs (112); codex-rs/app-server-protocol/schema/json/codex_app_server_protocol.schemas.json (91)
rust-v0.105.0,rust-v0.104.0,2026-02-25T16:36:37Z,2026-02-17T22:34:45-08:00,stable-rollup,75628a99618af4298690155e8f70195e7d25298e,10553fa470faa9e3e3b672008e20b88775b50ee1,239,755,67684,45810,113494,65056.7,46407,3283.8,Build / Release,codex-rs/app-server-protocol/schema/json/codex_app_server_protocol.schemas.json (10798); codex-rs/app-server-protocol/schema/json/ServerNotification.json (8021); codex-rs/app-server-protocol/schema/json/v1/SessionConfiguredNotification.json (5417); codex-rs/app-server-protocol/schema/json/v1/ResumeConversationResponse.json (5395); codex-rs/app-server-protocol/schema/json/v1/ForkConversationResponse.json (5395)
rust-v0.106.0,rust-v0.105.0,2026-02-26T11:39:42-08:00,2026-02-25T16:36:37Z,stable-rollup,7ff67f251886c1be015a0d856c9487ec5b7a380d,75628a99618af4298690155e8f70195e7d25298e,48,261,17048,7485,24533,15476.68,4883,950.68,Build / Release,codex-rs/state/src/runtime.rs (3715); codex-rs/state/src/runtime/memories.rs (2696); codex-rs/Cargo.lock (888); codex-rs/state/src/runtime/logs.rs (715); codex-rs/network-proxy/src/network_policy.rs (631)
rust-v0.107.0,rust-v0.106.0,2026-03-02T10:17:13-07:00,2026-02-26T11:39:42-08:00,stable-rollup,d0711a4c34bf10373725fb9fe15dc5a1d6f7402d,7ff67f251886c1be015a0d856c9487ec5b7a380d,51,234,14381,2454,16835,14659.96,568,108.56,Build / Release,codex-rs/core/src/codex/rollout_reconstruction_tests.rs (1241); codex-rs/tui/src/diff_render.rs (864); codex-rs/core/src/codex.rs (790); codex-rs/app-server/src/codex_message_processor.rs (756); codex-rs/core/src/tools/js_repl/mod.rs (560)
rust-v0.108.0,rust-v0.107.0,2026-03-04T11:55:41-08:00,2026-03-02T10:17:13-07:00,stable-rollup,f80227b56d93f374eb0f2ad8cafcd60de9b73ee9,d0711a4c34bf10373725fb9fe15dc5a1d6f7402d,101,467,66945,9755,76700,47049.42,18834,1041.12,Feature,codex-rs/app-server-protocol/schema/json/codex_app_server_protocol.v2.schemas.json (14288); codex-rs/artifact-presentation/src/tests.rs (3512); codex-rs/artifact-spreadsheet/src/manager.rs (3346); codex-rs/artifact-presentation/src/presentation_artifact/manager.rs (3203); codex-rs/app-server/src/codex_message_processor.rs (2092)
rust-v0.109.0,rust-v0.108.0,2026-03-04T15:13:24-08:00,2026-03-04T11:55:41-08:00,stable-rollup,2181dc320ba5dd5046c1f49e5636513e3072d1c9,f80227b56d93f374eb0f2ad8cafcd60de9b73ee9,1,1,1,1,2,2.0,0,0.0,Build / Release,codex-rs/Cargo.toml (2)
rust-v0.110.0,rust-v0.109.0,2026-03-04T17:39:17-08:00,2026-03-04T15:13:24-08:00,stable-rollup,4d58d9e88b576f5d6fbb140a92855a3104731456,2181dc320ba5dd5046c1f49e5636513e3072d1c9,14,93,4421,26025,30446,21763.44,987,196.14,Build / Release,codex-rs/artifact-presentation/src/tests.rs (3512); codex-rs/artifact-spreadsheet/src/manager.rs (3346); codex-rs/artifact-presentation/src/presentation_artifact/manager.rs (3203); codex-rs/artifact-presentation/src/presentation_artifact/model.rs (1934); codex-rs/artifact-spreadsheet/src/model.rs (1787)
rust-v0.111.0,rust-v0.110.0,2026-03-05T10:03:10-08:00,2026-03-04T17:39:17-08:00,stable-rollup,36ab739252724325262726dff8fbbcb26c2447ad,4d58d9e88b576f5d6fbb140a92855a3104731456,23,147,8943,1824,10767,9313.46,1532,305.86,Build / Release,codex-rs/package-manager/src/lib.rs (806); codex-rs/package-manager/src/tests.rs (700); codex-rs/core/src/tools/js_repl/mod.rs (598); codex-rs/artifacts/src/runtime.rs (522); codex-rs/artifacts/src/tests.rs (521)
rust-v0.112.0,rust-v0.111.0,2026-03-08T12:47:47-07:00,2026-03-05T10:03:10-08:00,stable-rollup,82df81da4bfc489aee8daaee9044982e73eeac35,36ab739252724325262726dff8fbbcb26c2447ad,14,76,3861,1407,5268,4512.36,567,111.06,Docs / Tests,codex-rs/core/src/tools/js_repl/kernel.js (589); codex-rs/core/src/skills/permissions.rs (454); codex-rs/core/tests/suite/js_repl.rs (446); codex-rs/core/tests/suite/plugins.rs (231); codex-rs/core/src/connectors.rs (229)
rust-v0.113.0,rust-v0.112.0,2026-03-09T21:17:47-07:00,2026-03-08T12:47:47-07:00,stable-rollup,6a3f681f7506a7492b2e5367fed36916edd00ebd,82df81da4bfc489aee8daaee9044982e73eeac35,108,433,49572,14113,63685,41647.86,7111,1278.56,Build / Release,codex-rs/core/src/config/config_tests.rs (4549); codex-rs/core/src/config/mod.rs (4505); codex-rs/core/src/codex.rs (4135); codex-rs/core/src/codex_tests.rs (3980); codex-rs/tui/src/bottom_pane/mcp_server_elicitation.rs (2018)
rust-v0.114.0,rust-v0.113.0,2026-03-10T16:35:03-07:00,2026-03-09T21:17:47-07:00,stable-rollup,47a06e06d63b972c6abf70d9670b559aceb5bb4f,6a3f681f7506a7492b2e5367fed36916edd00ebd,35,230,22061,1733,23794,13379.74,10406,684.14,Docs / Tests,sdk/python/src/codex_app_server/generated/v2_all.py (8167); sdk/python/scripts/update_sdk_artifacts.py (741); sdk/python/src/codex_app_server/client.py (521); codex-rs/hooks/src/events/stop.rs (495); codex-rs/hooks/src/registry.rs (465)
rust-v0.115.0,rust-v0.114.0,2026-03-16T11:43:13-07:00,2026-03-10T16:35:03-07:00,stable-rollup,91892c6dc38c2b24ffb271ec027ae1a1ad996660,47a06e06d63b972c6abf70d9670b559aceb5bb4f,168,970,106806,75207,182013,116715.42,40042,2305.72,Docs / Tests,codex-rs/app-server-protocol/schema/json/EventMsg.json (9644); sdk/python/src/codex_app_server/generated/v2_all.py (9189); codex-rs/app-server-protocol/schema/json/codex_app_server_protocol.schemas.json (8040); codex-rs/app-server-protocol/schema/json/codex_app_server_protocol.v2.schemas.json (5787); codex-rs/core/src/tools/spec.rs (3027)
rust-v0.116.0,rust-v0.115.0,2026-03-19T09:49:10-07:00,2026-03-16T11:43:13-07:00,stable-rollup,826c06427c5704e3cc04519485665b5fd0af592e,91892c6dc38c2b24ffb271ec027ae1a1ad996660,68,1661,162499,6925,169424,94706.28,16906,2912.48,Build / Release,codex-rs/tui_app_server/src/chatwidget/tests.rs (11973); codex-rs/tui_app_server/src/chatwidget.rs (10656); codex-rs/tui_app_server/src/bottom_pane/chat_composer.rs (9835); codex-rs/tui_app_server/src/app.rs (9117); codex-rs/tui_app_server/tests/fixtures/oss-story.jsonl (8041)
rust-v0.117.0,rust-v0.116.0,2026-03-26T14:22:10-07:00,2026-03-19T09:49:10-07:00,stable-rollup,f82d18d9675b698cf5d23f74dfce92ee978c23ec,826c06427c5704e3cc04519485665b5fd0af592e,232,976,76027,25303,101330,86443.3,5132,1000.9,Feature,codex-rs/exec/tests/event_processor_with_json_output.rs (2431); codex-rs/exec/src/event_processor_with_human_output.rs (2005); codex-rs/tui_app_server/src/chatwidget/tests.rs (1600); codex-rs/tui/src/chatwidget/tests.rs (1543); codex-rs/tui_app_server/src/app/app_server_adapter.rs (1457)
rust-v0.118.0,rust-v0.117.0,2026-03-31T09:07:10-07:00,2026-03-26T14:22:10-07:00,stable-rollup,a9d35297c4cfd617a9c876d1432d9d1626e8278f,f82d18d9675b698cf5d23f74dfce92ee978c23ec,97,1859,42335,167257,209592,114800.8,16190,2746.9,Build / Release,codex-rs/tui_app_server/src/chatwidget/tests.rs (13189); codex-rs/tui_app_server/src/chatwidget.rs (10860); codex-rs/tui_app_server/src/bottom_pane/chat_composer.rs (9923); codex-rs/tui_app_server/src/app.rs (9760); codex-rs/tui_app_server/tests/fixtures/oss-story.jsonl (8041)
rust-v0.119.0,rust-v0.118.0,2026-04-10T13:45:24-07:00,2026-03-31T09:07:10-07:00,stable-rollup,53046b4b956009eb6dc0b118756d30a785f373a1,a9d35297c4cfd617a9c876d1432d9d1626e8278f,273,994,73872,34861,108733,76472.68,3930,762.78,Build / Release,codex-rs/tui/src/chatwidget/tests.rs (14377); codex-rs/core/src/tools/spec_tests.rs (2723); codex-rs/tools/src/tool_registry_plan_tests.rs (2074); codex-rs/tui/src/chatwidget/tests/popups_and_settings.rs (1813); codex-rs/tui/src/chatwidget/tests/exec_flow.rs (1813)
rust-v0.120.0,rust-v0.119.0,2026-04-10T18:58:04-07:00,2026-04-10T13:45:24-07:00,stable-rollup,84b1753e16766434a86ec29ab7a23984fd0f61fe,53046b4b956009eb6dc0b118756d30a785f373a1,31,170,9307,1571,10878,9712.34,566,96.64,Feature,codex-rs/tui/src/history_cell/hook_cell.rs (779); codex-rs/core/src/realtime_conversation.rs (666); codex-rs/core/src/guardian/tests.rs (628); codex-rs/tui/src/chatwidget/tests/status_and_layout.rs (563); codex-rs/rollout/src/recorder.rs (517)
rust-v0.121.0,rust-v0.120.0,2026-04-15T20:43:46+01:00,2026-04-10T18:58:04-07:00,stable-rollup,b3442f5e856cf4daa3e168128af8ee4bff30b0f4,84b1753e16766434a86ec29ab7a23984fd0f61fe,133,764,34540,9361,43901,37423.44,3054,597.54,Build / Release,codex-rs/app-server/src/codex_message_processor.rs (1328); codex-rs/analytics/src/analytics_client_tests.rs (1045); codex-rs/tui/src/bottom_pane/chat_composer/history_search.rs (958); codex-rs/tui/src/bottom_pane/chat_composer_history.rs (929); codex-rs/tui/src/chatwidget.rs (838)
rust-v0.122.0,rust-v0.121.0,2026-04-20T18:10:10+01:00,2026-04-15T20:43:46+01:00,stable-rollup,9e1c5b03525a2bedacac533dceb84ecaed0561e6,b3442f5e856cf4daa3e168128af8ee4bff30b0f4,162,778,62857,18347,81204,61524.86,4595,817.56,Build / Release,codex-rs/core/src/codex.rs (8169); codex-rs/core/src/session/mod.rs (3044); codex-rs/core/src/session/turn.rs (2246); codex-rs/app-server-protocol/schema/json/v2/ThreadTurnsListResponse.json (1631); codex-rs/app-server/src/codex_message_processor.rs (1608)
rust-v0.123.0,rust-v0.122.0,2026-04-22T17:25:21-07:00,2026-04-20T18:10:10+01:00,stable-rollup,d1005e4215bbbfb295ecd154883161d4f63d2f6e,9e1c5b03525a2bedacac533dceb84ecaed0561e6,79,577,44377,19471,63848,38680.58,8854,1588.48,Build / Release,codex-rs/tui/src/app.rs (12249); codex-rs/tui/src/app/tests.rs (4818); sdk/python/src/codex_app_server/generated/v2_all.py (1797); codex-rs/tui/src/app/event_dispatch.rs (1654); codex-rs/tui/src/app/thread_routing.rs (1432)
rust-v0.124.0,rust-v0.123.0,2026-04-23T19:23:04+02:00,2026-04-22T17:25:21-07:00,stable-rollup,e93a08390bf1350a7a7b128bd4310fd1429e6651,d1005e4215bbbfb295ecd154883161d4f63d2f6e,86,599,43224,10946,54170,45900.66,5256,1041.36,Build / Release,codex-rs/app-server/src/codex_message_processor.rs (1412); codex-rs/core/src/session/tests.rs (1097); codex-rs/core/tests/suite/hooks.rs (1034); codex-rs/core/src/agent_identity.rs (848); codex-rs/login/src/agent_identity.rs (834)
rust-v0.125.0,rust-v0.124.0,2026-04-24T18:55:17+02:00,2026-04-23T19:23:04+02:00,stable-rollup,7d8152a5d74226ddaac12f93f7c5ed3f33a60d2a,e93a08390bf1350a7a7b128bd4310fd1429e6651,51,398,19229,6448,25677,22152.94,2179,429.44,Build / Release,codex-rs/core/src/session/session.rs (1189); codex-rs/models-manager/src/manager_tests.rs (964); codex-rs/core/src/plugins/startup_sync.rs (938); codex-rs/core-plugins/src/startup_sync.rs (938); codex-rs/core-plugins/src/startup_sync_tests.rs (769)
rust-v0.126.0,rust-v0.125.0,2026-04-29T14:45:42-07:00,2026-04-24T18:55:17+02:00,stable-rollup,fe5aa261bf0bd40b6ebb488260fc02d82bf8ae60,7d8152a5d74226ddaac12f93f7c5ed3f33a60d2a,214,928,72722,39568,112290,86495.72,6295,1161.52,Build / Release,codex-rs/app-server/src/codex_message_processor.rs (5952); codex-rs/core/src/tools/js_repl/mod_tests.rs (2912); codex-rs/external-agent-migration/src/lib.rs (2141); codex-rs/core/src/tools/js_repl/mod.rs (2055); codex-rs/codex-mcp/src/mcp_connection_manager.rs (1876)
rust-v0.127.0,rust-v0.126.0,2026-04-29T22:11:17-07:00,2026-04-29T14:45:42-07:00,stable-rollup,ed3c63bf904eed7754d2bc81b15368c1434c12b1,fe5aa261bf0bd40b6ebb488260fc02d82bf8ae60,34,209,11935,2060,13995,12405.56,635,126.76,Build / Release,codex-rs/linux-sandbox/src/linux_run_main.rs (880); codex-rs/linux-sandbox/src/bwrap.rs (768); codex-rs/tui/src/app_command.rs (484); codex-rs/core/src/plugins/manager.rs (356); codex-rs/tui/src/chatwidget.rs (352)
rust-v0.128.0,rust-v0.127.0,2026-04-30T08:06:35-07:00,2026-04-29T22:11:17-07:00,stable-rollup,08ad4f5f5abf9c4844d9ccd0e2c6b364d8460d46,ed3c63bf904eed7754d2bc81b15368c1434c12b1,10,153,5102,3324,8426,5776.96,2137,405.56,Build / Release,codex-rs/app-server/src/bespoke_event_handling.rs (1775); codex-rs/core/src/guardian/review_session.rs (410); codex-rs/tui/src/app_server_session.rs (408); codex-rs/app-server/tests/suite/v2/hooks_list.rs (313); codex-rs/app-server-protocol/schema/json/v2/TurnStartParams.json (306)
rust-v0.129.0,rust-v0.128.0,2026-05-07T08:13:38-07:00,2026-04-30T08:06:35-07:00,stable-rollup,734b6c9cb0c77143b955da3b5ebc84e1959081b8,08ad4f5f5abf9c4844d9ccd0e2c6b364d8460d46,225,1058,106002,54789,160791,113237.06,9051,1679.46,Build / Release,codex-rs/app-server-protocol/src/protocol/v2.rs (11073); codex-rs/app-server/src/codex_message_processor.rs (11031); codex-rs/tui/src/resume_picker.rs (5434); codex-rs/app-server/src/request_processors/thread_processor.rs (3933); codex-rs/app-server-protocol/src/protocol/v2/tests.rs (3660)
rust-v0.130.0,rust-v0.129.0,2026-05-08T14:57:55-07:00,2026-05-07T08:13:38-07:00,stable-rollup,3ebb3e033d9be7fb48fc957216d4a97eb24bec1f,734b6c9cb0c77143b955da3b5ebc84e1959081b8,44,424,9695,10484,20179,16765.58,2246,448.78,Build / Release,codex-rs/device-key/src/lib.rs (1495); codex-rs/thread-store/src/remote/proto/codex.thread_store.v1.rs (1122); codex-rs/exec-server/src/environment_toml.rs (708); codex-rs/core/src/turn_diff_tracker_tests.rs (663); codex-rs/core/src/turn_diff_tracker.rs (620)
rust-v0.131.0,rust-v0.130.0,2026-05-18T08:40:26-07:00,2026-05-08T14:57:55-07:00,stable-rollup,02d0ab56b9201fbb6f8e0e9be914c19053058eb1,3ebb3e033d9be7fb48fc957216d4a97eb24bec1f,272,1224,100060,40493,140553,107209.46,5514,936.16,Build / Release,codex-rs/tui/src/chatwidget.rs (10227); codex-rs/tui/src/history_cell.rs (5879); codex-rs/cli/src/doctor.rs (3844); codex-rs/tui/src/bottom_pane/chat_composer.rs (2751); codex-rs/tui/src/history_cell/tests.rs (2503)
rust-v0.132.0,rust-v0.131.0,2026-05-19T16:22:38-07:00,2026-05-18T08:40:26-07:00,stable-rollup,86cc0b9163fc0c50f2af0da9fe2b1a4a841436fd,02d0ab56b9201fbb6f8e0e9be914c19053058eb1,49,347,11136,4907,16043,12897.14,2454,488.64,Build / Release,codex-rs/skills/src/assets/samples/plugin-creator/scripts/validate_plugin.py (586); codex-rs/app-server-protocol/schema/json/v2/PluginInstalledResponse.json (525); codex-rs/app-server-protocol/schema/json/ClientRequest.json (427); codex-rs/app-server-protocol/schema/json/v2/CommandExecParams.json (345); codex-rs/core/tests/suite/apply_patch_cli.rs (305)
rust-v0.133.0,rust-v0.132.0,2026-05-21T08:27:50-07:00,2026-05-19T16:22:38-07:00,stable-rollup,71a2103606e57ee3508db968c26b2fcee54b5c6e,86cc0b9163fc0c50f2af0da9fe2b1a4a841436fd,123,716,40235,16278,56513,45807.4,3361,665.6,Build / Release,codex-rs/core/src/tools/spec_plan_tests.rs (3569); codex-rs/core/src/tools/spec_plan_model_tests.rs (1407); codex-rs/network-proxy/src/mitm_hook.rs (1047); codex-rs/core/src/session/tests.rs (936); codex-rs/core/src/session/turn.rs (776)
